-- ============================================================================
-- HLS Payer Governance Demo — Synthetic Data Insert
-- Realistic Humana-style member, claims, provider, eligibility, pharmacy, auth
-- ============================================================================

-- Members — 20 synthetic members across LOBs
INSERT INTO serverless_stable_swv01_catalog.governance.members VALUES
('M-100001','S-200001','Maria','Rodriguez','L','1958-03-14','Female','423-55-6789','D12345678','1200 Wellness Blvd','Apt 4B','Louisville','KY','40202','Jefferson','502-555-0101','502-555-0201','maria.rodriguez@email.com','English','White','Hispanic','Married','1234567890','1AB2CD3EF45','KY-MC-90001','GRP-5001','MA-PD-001','2023-01-01',NULL,true,current_timestamp(),current_timestamp(),'FACETS'),
('M-100002','S-200002','James','Thompson','R','1945-11-22','Male','312-44-5678','IL-8765432','450 Oak Park Ave',NULL,'Chicago','IL','60304','Cook','312-555-0102','312-555-0202','james.thompson@email.com','English','Black','Non-Hispanic','Widowed','1234567891','2BC3DE4FG56','IL-MC-90002','GRP-5002','MA-001','2022-06-01',NULL,true,current_timestamp(),current_timestamp(),'QNXT'),
('M-100003','S-200003','Sarah','Chen','M','1985-07-08','Female','678-33-4567',NULL,'789 Peachtree St','Suite 100','Atlanta','GA','30308','Fulton','404-555-0103','404-555-0203','sarah.chen@email.com','English','Asian','Non-Hispanic','Single',NULL,NULL,NULL,'GRP-5003','PPO-002','2024-01-01',NULL,true,current_timestamp(),current_timestamp(),'EPIC'),
('M-100004','S-200003','Kevin','Chen','J','1987-02-19','Male','678-22-3456',NULL,'789 Peachtree St','Suite 100','Atlanta','GA','30308','Fulton','404-555-0104','404-555-0204','kevin.chen@email.com','English','Asian','Non-Hispanic','Married',NULL,NULL,NULL,'GRP-5003','PPO-002','2024-01-01',NULL,true,current_timestamp(),current_timestamp(),'EPIC'),
('M-100005','S-200005','Dorothy','Washington','A','1940-12-01','Female','502-11-2345','KY-1112233','567 Bardstown Rd',NULL,'Louisville','KY','40205','Jefferson','502-555-0105','502-555-0205','dorothy.wash@email.com','English','Black','Non-Hispanic','Widowed','1234567893','3CD4EF5GH67','KY-MC-90005','GRP-5004','DSNP-001','2023-07-01',NULL,true,current_timestamp(),current_timestamp(),'FACETS'),
('M-100006','S-200006','Robert','Miller',NULL,'1972-05-30','Male','813-66-7890','FL-9988776','2345 Bayshore Blvd',NULL,'Tampa','FL','33629','Hillsborough','813-555-0106','813-555-0206','robert.miller@email.com','English','White','Non-Hispanic','Divorced',NULL,NULL,NULL,'GRP-5005','HMO-001','2023-03-15',NULL,true,current_timestamp(),current_timestamp(),'QNXT'),
('M-100007','S-200007','Patricia','Johnson','B','1950-08-17','Female','210-77-8901','TX-5544332','890 River Walk',NULL,'San Antonio','TX','78205','Bexar','210-555-0107','210-555-0207','pat.johnson@email.com','Spanish','White','Hispanic','Married','1234567895','4DE5FG6HI78',NULL,'GRP-5006','MA-PD-002','2022-01-01',NULL,true,current_timestamp(),current_timestamp(),'FACETS'),
('M-100008','S-200008','Michael','Brown','D','1990-01-25','Male','859-88-9012',NULL,'123 Main St',NULL,'Lexington','KY','40507','Fayette','859-555-0108','859-555-0208','m.brown@email.com','English','White','Non-Hispanic','Single',NULL,NULL,'KY-MD-80001','GRP-5007','MCO-001','2024-06-01',NULL,true,current_timestamp(),current_timestamp(),'QNXT'),
('M-100009','S-200009','Linda','Davis','E','1965-04-12','Female','614-99-0123','OH-3322110','456 High St',NULL,'Columbus','OH','43215','Franklin','614-555-0109','614-555-0209','linda.davis@email.com','English','White','Non-Hispanic','Married',NULL,NULL,NULL,'GRP-5008','PPO-001','2023-01-01','2025-12-31',true,current_timestamp(),current_timestamp(),'EPIC'),
('M-100010','S-200010','William','Garcia','F','1955-09-03','Male','305-10-1234','FL-7766554','789 Brickell Ave','PH-2','Miami','FL','33131','Miami-Dade','305-555-0110','305-555-0210','w.garcia@email.com','Spanish','White','Hispanic','Married','1234567897','5EF6GH7IJ89',NULL,'GRP-5009','MA-001','2022-09-01',NULL,true,current_timestamp(),current_timestamp(),'FACETS'),
('M-100011','S-200011','Jennifer','Wilson',NULL,'1978-11-09','Female','502-21-2345',NULL,'234 Shelbyville Rd',NULL,'Louisville','KY','40207','Jefferson','502-555-0111','502-555-0211','jen.wilson@email.com','English','White','Non-Hispanic','Single',NULL,NULL,NULL,'GRP-5010','HMO-002','2024-03-01',NULL,true,current_timestamp(),current_timestamp(),'EPIC'),
('M-100012','S-200012','Charles','Lee','G','1948-06-28','Male','615-32-3456','TN-2233445','567 Music Row',NULL,'Nashville','TN','37203','Davidson','615-555-0112','615-555-0212','charles.lee@email.com','English','Asian','Non-Hispanic','Married','1234567898','6FG7HI8JK90',NULL,'GRP-5011','MA-PD-001','2023-01-01',NULL,true,current_timestamp(),current_timestamp(),'QNXT'),
('M-100013','S-200013','Elizabeth','Martinez','H','1982-02-14','Female','702-43-4567',NULL,'890 Las Vegas Blvd',NULL,'Las Vegas','NV','89109','Clark','702-555-0113','702-555-0213','e.martinez@email.com','Spanish','White','Hispanic','Married',NULL,NULL,NULL,'GRP-5012','PPO-002','2024-01-01',NULL,true,current_timestamp(),current_timestamp(),'FACETS'),
('M-100014','S-200014','Richard','Anderson','I','1935-10-05','Male','502-54-5678','KY-8899001','123 River Rd',NULL,'Louisville','KY','40206','Jefferson','502-555-0114','502-555-0214','r.anderson@email.com','English','White','Non-Hispanic','Widowed','1234567899','7GH8IJ9KL01','KY-MC-90014','GRP-5013','DSNP-001','2022-07-01',NULL,true,current_timestamp(),current_timestamp(),'FACETS'),
('M-100015','S-200015','Susan','Taylor','J','1970-03-21','Female','937-65-6789','OH-5566778','456 Dayton Ave',NULL,'Dayton','OH','45402','Montgomery','937-555-0115','937-555-0215','s.taylor@email.com','English','Black','Non-Hispanic','Divorced',NULL,NULL,NULL,'GRP-5014','EPO-001','2023-06-01',NULL,true,current_timestamp(),current_timestamp(),'QNXT'),
('M-100016','S-200016','Joseph','Thomas','K','1962-08-11','Male','502-76-7890','KY-3344556','789 Frankfort Ave',NULL,'Louisville','KY','40206','Jefferson','502-555-0116','502-555-0216','j.thomas@email.com','English','White','Non-Hispanic','Married','1234567800','8HI9JK0LM12',NULL,'GRP-5015','MA-001','2023-01-01',NULL,true,current_timestamp(),current_timestamp(),'FACETS'),
('M-100017','S-200017','Margaret','Jackson',NULL,'1988-12-30','Female','404-87-8901',NULL,'321 Ponce De Leon',NULL,'Atlanta','GA','30308','Fulton','404-555-0117','404-555-0217','m.jackson@email.com','English','Black','Non-Hispanic','Single',NULL,NULL,NULL,'GRP-5016','HMO-001','2024-01-01',NULL,true,current_timestamp(),current_timestamp(),'EPIC'),
('M-100018','S-200018','Thomas','White','L','1952-07-16','Male','813-98-9012','FL-6677889','654 Dale Mabry Hwy',NULL,'Tampa','FL','33609','Hillsborough','813-555-0118','813-555-0218','t.white@email.com','English','White','Non-Hispanic','Married','1234567801','9IJ0KL1MN23',NULL,'GRP-5017','MA-PD-002','2022-01-01',NULL,true,current_timestamp(),current_timestamp(),'QNXT'),
('M-100019','S-200019','Nancy','Harris','M','1975-05-05','Female','859-09-0123',NULL,'987 Tates Creek Rd',NULL,'Lexington','KY','40502','Fayette','859-555-0119','859-555-0219','n.harris@email.com','English','White','Non-Hispanic','Married',NULL,NULL,NULL,'GRP-5018','PPO-001','2023-09-01',NULL,true,current_timestamp(),current_timestamp(),'EPIC'),
('M-100020','S-200020','Daniel','Clark','N','1943-01-09','Male','502-10-1235','KY-9900112','321 Brownsboro Rd',NULL,'Louisville','KY','40207','Jefferson','502-555-0120','502-555-0220','d.clark@email.com','English','White','Non-Hispanic','Married','1234567802','0JK1LM2NO34','KY-MC-90020','GRP-5019','DSNP-001','2023-01-01',NULL,true,current_timestamp(),current_timestamp(),'FACETS');

-- Providers — 10 synthetic providers
INSERT INTO serverless_stable_swv01_catalog.governance.providers VALUES
('P-300001','1234567890','61-1234567','John','Smith',NULL,'08','Family Practice','Individual','In-Network','MD',NULL,'KY-MD-001','KY','1200 Medical Plaza Dr','Louisville','KY','40202','502-555-1001','502-555-1002',true,'2020-01-01',NULL,current_timestamp(),current_timestamp()),
('P-300002','2345678901','62-2345678','Priya','Patel',NULL,'11','Internal Medicine','Individual','In-Network','MD','BP1234567','IL-MD-002','IL','450 Michigan Ave','Chicago','IL','60611','312-555-1002','312-555-1003',true,'2019-06-01',NULL,current_timestamp(),current_timestamp()),
('P-300003','3456789012','63-3456789',NULL,NULL,'Baptist Health Louisville','01','General Practice','Organization','In-Network',NULL,NULL,NULL,'KY','4000 Kresge Way','Louisville','KY','40207','502-555-1003','502-555-1004',true,'2018-01-01',NULL,current_timestamp(),current_timestamp()),
('P-300004','4567890123','64-4567890','Lisa','Nguyen',NULL,'39','Psychiatry','Individual','In-Network','MD','CP2345678','GA-MD-003','GA','789 Peachtree Center','Atlanta','GA','30308','404-555-1004','404-555-1005',true,'2021-03-01',NULL,current_timestamp(),current_timestamp()),
('P-300005','5678901234','65-5678901','Michael','Johnson',NULL,'86','Neurologist','Individual','In-Network','MD',NULL,'FL-MD-004','FL','2345 Bayshore Medical','Tampa','FL','33629','813-555-1005','813-555-1006',true,'2020-07-01',NULL,current_timestamp(),current_timestamp()),
('P-300006','6789012345','66-6789012',NULL,NULL,'Humana Pharmacy Solutions','01','General Practice','Organization','In-Network',NULL,NULL,NULL,'KY','500 W Main St','Louisville','KY','40202','502-555-1006','502-555-1007',true,'2017-01-01',NULL,current_timestamp(),current_timestamp()),
('P-300007','7890123456','67-7890123','Amy','Williams',NULL,'37','Pediatric Medicine','Individual','In-Network','MD',NULL,'TX-MD-005','TX','890 Medical Center Dr','San Antonio','TX','78229','210-555-1007','210-555-1008',true,'2022-01-01',NULL,current_timestamp(),current_timestamp()),
('P-300008','8901234567','68-8901234','David','Kim',NULL,'06','Cardiology','Individual','Tier-1','MD',NULL,'OH-MD-006','OH','456 Heart Center Way','Columbus','OH','43215','614-555-1008','614-555-1009',true,'2019-01-01',NULL,current_timestamp(),current_timestamp()),
('P-300009','9012345678','69-9012345',NULL,NULL,'Norton Healthcare','01','General Practice','Organization','In-Network',NULL,NULL,NULL,'KY','200 E Chestnut St','Louisville','KY','40202','502-555-1009','502-555-1010',true,'2016-01-01',NULL,current_timestamp(),current_timestamp()),
('P-300010','0123456789','70-0123456','Rachel','Green',NULL,'46','Endocrinology','Individual','In-Network','MD','DP3456789','TN-MD-007','TN','567 Vanderbilt Way','Nashville','TN','37203','615-555-1010','615-555-1011',true,'2021-06-01',NULL,current_timestamp(),current_timestamp());

-- Eligibility — one row per member
INSERT INTO serverless_stable_swv01_catalog.governance.eligibility VALUES
('E-400001','M-100001','S-200001','MA-PD-001','Humana Gold Plus HMO-POS','Medicare Advantage','Medical','Gold','2023-01-01',NULL,NULL,'GRP-5001','Louisville Metro Employees',false,false,0.00,0.00,current_timestamp(),current_timestamp()),
('E-400002','M-100002','S-200002','MA-001','Humana Choice PPO','Medicare Advantage','Medical','Silver','2022-06-01',NULL,NULL,'GRP-5002','Illinois State Retirees',false,false,45.50,0.00,current_timestamp(),current_timestamp()),
('E-400003','M-100003','S-200003','PPO-002','Humana ChoiceCare Network PPO','Commercial','Medical','Gold','2024-01-01',NULL,NULL,'GRP-5003','Delta Air Lines','false',false,385.00,0.00,current_timestamp(),current_timestamp()),
('E-400004','M-100004','S-200003','PPO-002','Humana ChoiceCare Network PPO','Commercial','Medical','Gold','2024-01-01',NULL,NULL,'GRP-5003','Delta Air Lines',false,false,385.00,0.00,current_timestamp(),current_timestamp()),
('E-400005','M-100005','S-200005','DSNP-001','Humana Dual Complete D-SNP','Dual-Eligible','Medical','Platinum','2023-07-01',NULL,NULL,'GRP-5004','KY Medicaid Dual',false,false,0.00,0.00,current_timestamp(),current_timestamp()),
('E-400006','M-100006','S-200006','HMO-001','Humana HMOx','Commercial','Medical','Silver','2023-03-15',NULL,NULL,'GRP-5005','Bank of America',false,false,425.00,0.00,current_timestamp(),current_timestamp()),
('E-400007','M-100007','S-200007','MA-PD-002','Humana Honor MA-PD','Medicare Advantage','Medical','Gold','2022-01-01',NULL,NULL,'GRP-5006','TX Medicare Individual',false,false,0.00,0.00,current_timestamp(),current_timestamp()),
('E-400008','M-100008','S-200008','MCO-001','Humana Healthy Horizons Medicaid','Medicaid','Medical','Bronze','2024-06-01',NULL,NULL,'GRP-5007','KY Medicaid',false,false,0.00,0.00,current_timestamp(),current_timestamp()),
('E-400009','M-100009','S-200009','PPO-001','Humana National PPO','Commercial','Medical','Platinum','2023-01-01','2025-12-31','Employer change','GRP-5008','JPMorgan Chase',false,false,520.00,0.00,current_timestamp(),current_timestamp()),
('E-400010','M-100010','S-200010','MA-001','Humana Choice PPO','Medicare Advantage','Medical','Gold','2022-09-01',NULL,NULL,'GRP-5009','FL Medicare Individual',false,false,28.50,0.00,current_timestamp(),current_timestamp()),
('E-400011','M-100011','S-200011','HMO-002','Humana HMOx Value','Commercial','Medical','Bronze','2024-03-01',NULL,NULL,'GRP-5010','UPS',false,false,290.00,0.00,current_timestamp(),current_timestamp()),
('E-400012','M-100012','S-200012','MA-PD-001','Humana Gold Plus HMO-POS','Medicare Advantage','Medical','Gold','2023-01-01',NULL,NULL,'GRP-5011','TN Medicare Individual',false,false,0.00,0.00,current_timestamp(),current_timestamp()),
('E-400013','M-100013','S-200013','PPO-002','Humana ChoiceCare Network PPO','Commercial','Medical','Silver','2024-01-01',NULL,NULL,'GRP-5012','MGM Resorts',false,false,410.00,125.00,current_timestamp(),current_timestamp()),
('E-400014','M-100014','S-200014','DSNP-001','Humana Dual Complete D-SNP','Dual-Eligible','Medical','Platinum','2022-07-01',NULL,NULL,'GRP-5013','KY Medicaid Dual',false,false,0.00,0.00,current_timestamp(),current_timestamp()),
('E-400015','M-100015','S-200015','EPO-001','Humana EPO','Commercial','Medical','Gold','2023-06-01',NULL,NULL,'GRP-5014','Kroger Co',false,false,365.00,0.00,current_timestamp(),current_timestamp()),
('E-400016','M-100016','S-200016','MA-001','Humana Choice PPO','Medicare Advantage','Medical','Silver','2023-01-01',NULL,NULL,'GRP-5015','KY Medicare Individual',false,false,35.00,0.00,current_timestamp(),current_timestamp()),
('E-400017','M-100017','S-200017','HMO-001','Humana HMOx','Commercial','Medical','Gold','2024-01-01',NULL,NULL,'GRP-5016','Home Depot',false,false,350.00,0.00,current_timestamp(),current_timestamp()),
('E-400018','M-100018','S-200018','MA-PD-002','Humana Honor MA-PD','Medicare Advantage','Medical','Gold','2022-01-01',NULL,NULL,'GRP-5017','FL Medicare Individual',false,false,0.00,0.00,current_timestamp(),current_timestamp()),
('E-400019','M-100019','S-200019','PPO-001','Humana National PPO','Commercial','Medical','Platinum','2023-09-01',NULL,NULL,'GRP-5018','Toyota Manufacturing',false,false,480.00,0.00,current_timestamp(),current_timestamp()),
('E-400020','M-100020','S-200020','DSNP-001','Humana Dual Complete D-SNP','Dual-Eligible','Medical','Platinum','2023-01-01',NULL,NULL,'GRP-5019','KY Medicaid Dual',false,false,0.00,0.00,current_timestamp(),current_timestamp());

-- Claims — 30 claims across members
INSERT INTO serverless_stable_swv01_catalog.governance.claims VALUES
('CLM-500001','M-100001','S-200001','Professional','Paid','2025-01-15','2025-01-15',NULL,NULL,'E11.9',NULL,NULL,'99214','25',NULL,'11','1234567890','3456789012',NULL,'Baptist Health Louisville',185.00,142.50,128.25,14.25,25.00,0.00,0.00,NULL,NULL,'2025-01-18','2025-01-25','2025-02-01',current_timestamp(),current_timestamp()),
('CLM-500002','M-100001','S-200001','Professional','Paid','2025-02-10','2025-02-10',NULL,NULL,'I10',NULL,NULL,'99213',NULL,NULL,'11','1234567890','3456789012',NULL,'Baptist Health Louisville',125.00,98.50,88.65,9.85,20.00,0.00,0.00,NULL,NULL,'2025-02-12','2025-02-18','2025-02-25',current_timestamp(),current_timestamp()),
('CLM-500003','M-100002','S-200002','Institutional','Paid','2025-03-01','2025-03-05','2025-03-01','2025-03-05','I21.0','E11.9','I10','99223',NULL,'0120','21','2345678901','9012345678',NULL,'Norton Healthcare',45000.00,38500.00,34650.00,3850.00,250.00,0.00,3600.00,'291',NULL,'2025-03-06','2025-03-15','2025-03-22',current_timestamp(),current_timestamp()),
('CLM-500004','M-100003','S-200003','Professional','Paid','2025-01-20','2025-01-20',NULL,NULL,'Z00.00',NULL,NULL,'99395',NULL,NULL,'11','1234567890','3456789012',NULL,NULL,350.00,285.00,285.00,0.00,0.00,0.00,0.00,NULL,NULL,'2025-01-22','2025-01-28','2025-02-05',current_timestamp(),current_timestamp()),
('CLM-500005','M-100005','S-200005','Professional','Paid','2025-02-15','2025-02-15',NULL,NULL,'F32.1','E11.65',NULL,'99214',NULL,NULL,'11','4567890123','3456789012',NULL,NULL,185.00,142.50,142.50,0.00,0.00,0.00,0.00,NULL,NULL,'2025-02-17','2025-02-22','2025-03-01',current_timestamp(),current_timestamp()),
('CLM-500006','M-100006','S-200006','Professional','Denied','2025-03-10','2025-03-10',NULL,NULL,'M54.5',NULL,NULL,'64483',NULL,NULL,'24','5678901234','9012345678',NULL,'Norton Healthcare',2500.00,0.00,0.00,0.00,0.00,0.00,0.00,NULL,'AUTH-700001','2025-03-12','2025-03-18',NULL,current_timestamp(),current_timestamp()),
('CLM-500007','M-100007','S-200007','Professional','Paid','2025-01-08','2025-01-08',NULL,NULL,'E11.9','I10',NULL,'99214',NULL,NULL,'11','1234567890','3456789012',NULL,NULL,185.00,142.50,128.25,14.25,25.00,0.00,0.00,NULL,NULL,'2025-01-10','2025-01-15','2025-01-22',current_timestamp(),current_timestamp()),
('CLM-500008','M-100008','S-200008','Professional','Paid','2025-04-01','2025-04-01',NULL,NULL,'J06.9',NULL,NULL,'99213',NULL,NULL,'11','7890123456','3456789012',NULL,NULL,125.00,95.00,95.00,0.00,0.00,0.00,0.00,NULL,NULL,'2025-04-03','2025-04-08','2025-04-15',current_timestamp(),current_timestamp()),
('CLM-500009','M-100009','S-200009','Professional','Paid','2025-02-20','2025-02-20',NULL,NULL,'I25.10',NULL,NULL,'93000',NULL,NULL,'11','8901234567','3456789012',NULL,NULL,450.00,380.00,342.00,38.00,40.00,0.00,0.00,NULL,NULL,'2025-02-22','2025-02-28','2025-03-07',current_timestamp(),current_timestamp()),
('CLM-500010','M-100010','S-200010','Institutional','Paid','2025-01-25','2025-01-28','2025-01-25','2025-01-28','J18.9','E11.9',NULL,'99222',NULL,'0110','21','2345678901','9012345678',NULL,'Norton Healthcare',28000.00,24000.00,21600.00,2400.00,250.00,0.00,2150.00,'194',NULL,'2025-01-30','2025-02-08','2025-02-15',current_timestamp(),current_timestamp()),
('CLM-500011','M-100011','S-200011','Professional','Paid','2025-03-05','2025-03-05',NULL,NULL,'Z12.31',NULL,NULL,'45378',NULL,NULL,'24','8901234567','9012345678',NULL,'Baptist Health Louisville',1800.00,1450.00,1160.00,290.00,50.00,240.00,0.00,NULL,NULL,'2025-03-07','2025-03-12','2025-03-19',current_timestamp(),current_timestamp()),
('CLM-500012','M-100012','S-200012','Professional','Paid','2025-02-01','2025-02-01',NULL,NULL,'E11.65','I10',NULL,'99214',NULL,NULL,'11','0123456789','3456789012',NULL,NULL,185.00,142.50,128.25,14.25,25.00,0.00,0.00,NULL,NULL,'2025-02-03','2025-02-08','2025-02-15',current_timestamp(),current_timestamp()),
('CLM-500013','M-100013','S-200013','Professional','Pending','2025-03-20','2025-03-20',NULL,NULL,'O26.10',NULL,NULL,'99214',NULL,NULL,'11','1234567890','3456789012',NULL,NULL,185.00,NULL,NULL,NULL,NULL,NULL,NULL,NULL,NULL,'2025-03-22',NULL,NULL,current_timestamp(),current_timestamp()),
('CLM-500014','M-100014','S-200014','Professional','Paid','2025-01-12','2025-01-12',NULL,NULL,'G30.9','F02.80',NULL,'99215',NULL,NULL,'11','5678901234','3456789012',NULL,NULL,250.00,195.00,195.00,0.00,0.00,0.00,0.00,NULL,NULL,'2025-01-14','2025-01-20','2025-01-27',current_timestamp(),current_timestamp()),
('CLM-500015','M-100015','S-200015','Professional','Paid','2025-03-15','2025-03-15',NULL,NULL,'Z00.00',NULL,NULL,'99396',NULL,NULL,'11','1234567890','3456789012',NULL,NULL,375.00,310.00,248.00,62.00,30.00,32.00,0.00,NULL,NULL,'2025-03-17','2025-03-22','2025-03-29',current_timestamp(),current_timestamp()),
('CLM-500016','M-100016','S-200016','Institutional','Paid','2025-02-05','2025-02-09','2025-02-05','2025-02-09','J44.1','I10',NULL,'99223',NULL,'0120','21','2345678901','9012345678',NULL,'Norton Healthcare',35000.00,30000.00,27000.00,3000.00,250.00,0.00,2750.00,'190',NULL,'2025-02-11','2025-02-20','2025-02-27',current_timestamp(),current_timestamp()),
('CLM-500017','M-100017','S-200017','Professional','Paid','2025-03-01','2025-03-01',NULL,NULL,'N39.0',NULL,NULL,'99213',NULL,NULL,'11','1234567890','3456789012',NULL,NULL,125.00,98.50,78.80,19.70,20.00,0.00,0.00,NULL,NULL,'2025-03-03','2025-03-08','2025-03-15',current_timestamp(),current_timestamp()),
('CLM-500018','M-100018','S-200018','Professional','Paid','2025-01-30','2025-01-30',NULL,NULL,'C34.90',NULL,NULL,'99215',NULL,NULL,'11','5678901234','3456789012',NULL,NULL,250.00,195.00,175.50,19.50,25.00,0.00,0.00,NULL,NULL,'2025-02-01','2025-02-06','2025-02-13',current_timestamp(),current_timestamp()),
('CLM-500019','M-100019','S-200019','Professional','Paid','2025-02-25','2025-02-25',NULL,NULL,'K21.0',NULL,NULL,'43239',NULL,NULL,'24','8901234567','9012345678',NULL,'Baptist Health Louisville',3200.00,2750.00,2200.00,550.00,50.00,500.00,0.00,NULL,NULL,'2025-02-27','2025-03-04','2025-03-11',current_timestamp(),current_timestamp()),
('CLM-500020','M-100020','S-200020','Professional','Paid','2025-03-10','2025-03-10',NULL,NULL,'I50.9','E11.9','I10','99215',NULL,NULL,'11','8901234567','3456789012',NULL,NULL,250.00,195.00,195.00,0.00,0.00,0.00,0.00,NULL,NULL,'2025-03-12','2025-03-18','2025-03-25',current_timestamp(),current_timestamp()),
('CLM-500021','M-100001','S-200001','Professional','Paid','2025-03-20','2025-03-20',NULL,NULL,'E11.65',NULL,NULL,'83036',NULL,NULL,'11','1234567890','3456789012',NULL,NULL,85.00,65.00,58.50,6.50,15.00,0.00,0.00,NULL,NULL,'2025-03-22','2025-03-28','2025-04-04',current_timestamp(),current_timestamp()),
('CLM-500022','M-100002','S-200002','Professional','Paid','2025-04-01','2025-04-01',NULL,NULL,'I25.10',NULL,NULL,'93306','26',NULL,'11','8901234567','3456789012',NULL,NULL,650.00,525.00,472.50,52.50,50.00,0.00,0.00,NULL,NULL,'2025-04-03','2025-04-08','2025-04-15',current_timestamp(),current_timestamp()),
('CLM-500023','M-100005','S-200005','Professional','Paid','2025-03-25','2025-03-25',NULL,NULL,'E11.9','I10',NULL,'99214',NULL,NULL,'11','1234567890','3456789012',NULL,NULL,185.00,142.50,142.50,0.00,0.00,0.00,0.00,NULL,NULL,'2025-03-27','2025-04-01','2025-04-08',current_timestamp(),current_timestamp()),
('CLM-500024','M-100007','S-200007','Professional','Paid','2025-03-15','2025-03-15',NULL,NULL,'M17.11',NULL,NULL,'20611',NULL,NULL,'11','1234567890','3456789012',NULL,NULL,350.00,280.00,252.00,28.00,25.00,0.00,0.00,NULL,NULL,'2025-03-17','2025-03-22','2025-03-29',current_timestamp(),current_timestamp()),
('CLM-500025','M-100009','S-200009','Professional','Paid','2025-03-30','2025-03-30',NULL,NULL,'I25.10',NULL,NULL,'93350',NULL,NULL,'11','8901234567','3456789012',NULL,NULL,800.00,680.00,612.00,68.00,40.00,28.00,0.00,NULL,NULL,'2025-04-01','2025-04-06','2025-04-13',current_timestamp(),current_timestamp()),
('CLM-500026','M-100012','S-200012','Institutional','Paid','2025-03-15','2025-03-18','2025-03-15','2025-03-18','E11.10','I10','N18.3','99222',NULL,'0120','21','0123456789','9012345678',NULL,'Norton Healthcare',22000.00,18500.00,16650.00,1850.00,250.00,0.00,1600.00,'638',NULL,'2025-03-20','2025-03-28','2025-04-04',current_timestamp(),current_timestamp()),
('CLM-500027','M-100014','S-200014','Professional','Paid','2025-03-05','2025-03-05',NULL,NULL,'G30.9',NULL,NULL,'99483',NULL,NULL,'11','5678901234','3456789012',NULL,NULL,475.00,380.00,380.00,0.00,0.00,0.00,0.00,NULL,NULL,'2025-03-07','2025-03-12','2025-03-19',current_timestamp(),current_timestamp()),
('CLM-500028','M-100016','S-200016','Professional','Paid','2025-03-20','2025-03-20',NULL,NULL,'J44.1',NULL,NULL,'94010',NULL,NULL,'11','2345678901','3456789012',NULL,NULL,175.00,140.00,126.00,14.00,25.00,0.00,0.00,NULL,NULL,'2025-03-22','2025-03-27','2025-04-03',current_timestamp(),current_timestamp()),
('CLM-500029','M-100018','S-200018','Institutional','Paid','2025-03-01','2025-03-04','2025-03-01','2025-03-04','C34.90',NULL,NULL,'99223',NULL,'0120','21','5678901234','9012345678',NULL,'Baptist Health Louisville',52000.00,45000.00,40500.00,4500.00,250.00,0.00,4250.00,'163',NULL,'2025-03-06','2025-03-14','2025-03-21',current_timestamp(),current_timestamp()),
('CLM-500030','M-100020','S-200020','Professional','Paid','2025-04-05','2025-04-05',NULL,NULL,'I50.9','E11.9',NULL,'93306','26',NULL,'11','8901234567','3456789012',NULL,NULL,650.00,525.00,525.00,0.00,0.00,0.00,0.00,NULL,NULL,'2025-04-07','2025-04-12','2025-04-19',current_timestamp(),current_timestamp());

-- Pharmacy claims — 20 Rx claims
INSERT INTO serverless_stable_swv01_catalog.governance.pharmacy_claims VALUES
('RX-600001','M-100001','2025-01-20','00002-1433-80','Metformin 500mg','Biguanides',60.00,30,0,'1234567890','6789012345','CVS Pharmacy','1','0',8.50,2.00,10.50,5.00,false,false,current_timestamp(),current_timestamp()),
('RX-600002','M-100001','2025-02-15','00006-0749-31','Lisinopril 10mg','ACE Inhibitors',30.00,30,1,'1234567890','6789012345','CVS Pharmacy','1','0',4.25,2.00,6.25,3.00,false,false,current_timestamp(),current_timestamp()),
('RX-600003','M-100002','2025-03-10','00078-0587-15','Atorvastatin 40mg','HMG-CoA Reductase Inhibitors',30.00,30,3,'2345678901','6789012345','Walgreens','1','0',6.80,2.00,8.80,5.00,false,false,current_timestamp(),current_timestamp()),
('RX-600004','M-100002','2025-03-10','00093-7180-01','Clopidogrel 75mg','Antiplatelet Agents',30.00,30,0,'2345678901','6789012345','Walgreens','1','0',12.50,2.00,14.50,10.00,false,false,current_timestamp(),current_timestamp()),
('RX-600005','M-100005','2025-02-20','00002-4462-30','Duloxetine 60mg','SNRIs',30.00,30,2,'4567890123','6789012345','Humana Pharmacy','2','0',45.00,2.00,47.00,15.00,false,false,current_timestamp(),current_timestamp()),
('RX-600006','M-100005','2025-02-20','00002-1433-80','Metformin 1000mg','Biguanides',60.00,30,5,'1234567890','6789012345','Humana Pharmacy','1','0',10.25,2.00,12.25,5.00,false,false,current_timestamp(),current_timestamp()),
('RX-600007','M-100007','2025-01-15','69238-1573-01','Amlodipine 5mg','Calcium Channel Blockers',30.00,30,4,'1234567890','6789012345','CVS Pharmacy','1','0',5.50,2.00,7.50,3.00,false,false,current_timestamp(),current_timestamp()),
('RX-600008','M-100007','2025-02-01','00002-1433-80','Metformin 500mg','Biguanides',60.00,30,2,'1234567890','6789012345','CVS Pharmacy','1','0',8.50,2.00,10.50,5.00,false,false,current_timestamp(),current_timestamp()),
('RX-600009','M-100010','2025-02-05','00006-0749-31','Lisinopril 20mg','ACE Inhibitors',30.00,30,6,'2345678901','6789012345','Walgreens','1','0',5.75,2.00,7.75,3.00,false,false,current_timestamp(),current_timestamp()),
('RX-600010','M-100012','2025-02-10','68462-0247-90','Glipizide 10mg','Sulfonylureas',60.00,30,3,'0123456789','6789012345','Humana Pharmacy','1','0',7.80,2.00,9.80,5.00,false,false,current_timestamp(),current_timestamp()),
('RX-600011','M-100014','2025-01-18','00002-0140-80','Donepezil 10mg','Cholinesterase Inhibitors',30.00,30,8,'5678901234','6789012345','CVS Pharmacy','2','0',85.00,2.00,87.00,20.00,false,false,current_timestamp(),current_timestamp()),
('RX-600012','M-100014','2025-02-18','49884-0721-01','Memantine 10mg','NMDA Receptor Antagonists',60.00,30,5,'5678901234','6789012345','CVS Pharmacy','2','0',92.00,2.00,94.00,25.00,false,false,current_timestamp(),current_timestamp()),
('RX-600013','M-100016','2025-02-12','00085-1334-01','Tiotropium 18mcg','Anticholinergic Bronchodilators',30.00,30,4,'2345678901','6789012345','Humana Pharmacy','3','0',285.00,2.00,287.00,45.00,false,false,current_timestamp(),current_timestamp()),
('RX-600014','M-100018','2025-02-01','00078-0620-15','Pembrolizumab 100mg','PD-1 Inhibitors',1.00,21,2,'5678901234','6789012345','Humana Specialty','4','0',9850.00,25.00,9875.00,150.00,true,true,current_timestamp(),current_timestamp()),
('RX-600015','M-100020','2025-03-15','00006-0749-31','Lisinopril 20mg','ACE Inhibitors',30.00,30,7,'8901234567','6789012345','CVS Pharmacy','1','0',5.75,2.00,7.75,0.00,false,false,current_timestamp(),current_timestamp()),
('RX-600016','M-100020','2025-03-15','00591-0405-01','Furosemide 40mg','Loop Diuretics',60.00,30,6,'8901234567','6789012345','CVS Pharmacy','1','0',4.50,2.00,6.50,0.00,false,false,current_timestamp(),current_timestamp()),
('RX-600017','M-100003','2025-02-01','55111-0160-30','Sertraline 50mg','SSRIs',30.00,30,0,'1234567890','6789012345','Walgreens','1','0',9.25,2.00,11.25,10.00,false,false,current_timestamp(),current_timestamp()),
('RX-600018','M-100009','2025-03-01','00006-0749-31','Lisinopril 10mg','ACE Inhibitors',30.00,30,5,'8901234567','6789012345','CVS Pharmacy','1','0',4.25,2.00,6.25,10.00,false,false,current_timestamp(),current_timestamp()),
('RX-600019','M-100009','2025-03-01','00078-0587-15','Atorvastatin 20mg','HMG-CoA Reductase Inhibitors',30.00,30,5,'8901234567','6789012345','CVS Pharmacy','1','0',5.80,2.00,7.80,10.00,false,false,current_timestamp(),current_timestamp()),
('RX-600020','M-100015','2025-03-20','50458-0591-01','Esomeprazole 40mg','Proton Pump Inhibitors',30.00,30,2,'1234567890','6789012345','Walgreens','2','0',42.00,2.00,44.00,15.00,false,false,current_timestamp(),current_timestamp());

-- Prior authorizations — 10 auth requests
INSERT INTO serverless_stable_swv01_catalog.governance.prior_authorizations VALUES
('AUTH-700001','M-100006','Outpatient','Denied','2025-03-05','2025-03-08','2025-03-10','2025-06-10','M54.5','64483','1234567890','5678901234','Norton Healthcare',3,0,'Medical necessity not met — conservative therapy not documented','Patient presents with chronic low back pain. Requesting epidural steroid injection series. No documentation of 6 weeks physical therapy trial.','Dr. Sarah Kim','Routine',current_timestamp(),current_timestamp()),
('AUTH-700002','M-100018','Pharmacy','Approved','2025-01-20','2025-01-22','2025-01-25','2026-01-25','C34.90','J9271','5678901234','5678901234','Baptist Health Louisville',12,12,NULL,'Stage IIIA NSCLC, PD-L1 TPS ≥50%. First-line pembrolizumab monotherapy per NCCN guidelines. ECOG PS 1.','Dr. Mark Lee','Urgent',current_timestamp(),current_timestamp()),
('AUTH-700003','M-100002','Inpatient','Approved','2025-02-28','2025-02-28','2025-03-01','2025-03-08','I21.0','99223','2345678901','9012345678','Norton Healthcare',5,5,NULL,'Acute STEMI presentation. Emergent PCI performed. Requires monitored inpatient stay.','N/A','Emergent',current_timestamp(),current_timestamp()),
('AUTH-700004','M-100014','Outpatient','Approved','2025-02-25','2025-02-27','2025-03-01','2025-09-01','G30.9','99483','5678901234','5678901234',NULL,4,4,NULL,'Progressive cognitive decline. Requesting comprehensive cognitive assessment series for care planning.','Dr. Amy Park','Routine',current_timestamp(),current_timestamp()),
('AUTH-700005','M-100011','Outpatient','Approved','2025-02-28','2025-03-01','2025-03-05','2025-03-05','Z12.31','45378','8901234567','9012345678','Baptist Health Louisville',1,1,NULL,'Age-appropriate screening colonoscopy. Family history of colorectal cancer.','N/A','Routine',current_timestamp(),current_timestamp()),
('AUTH-700006','M-100019','Outpatient','Approved','2025-02-20','2025-02-22','2025-02-25','2025-02-25','K21.0','43239','8901234567','9012345678','Baptist Health Louisville',1,1,NULL,'Chronic GERD refractory to PPI. EGD with biopsy for Barrett esophagus surveillance.','N/A','Routine',current_timestamp(),current_timestamp()),
('AUTH-700007','M-100016','Inpatient','Approved','2025-02-03','2025-02-04','2025-02-05','2025-02-12','J44.1','99223','2345678901','9012345678','Norton Healthcare',7,5,NULL,'Acute COPD exacerbation with respiratory failure. Requires IV steroids and respiratory therapy.','Dr. James Wu','Urgent',current_timestamp(),current_timestamp()),
('AUTH-700008','M-100008','Behavioral Health','Approved','2025-03-25','2025-03-26','2025-04-01','2025-09-30','F32.1','90837','4567890123','4567890123',NULL,24,24,NULL,'Major depressive disorder, moderate severity. Requesting weekly psychotherapy sessions.','N/A','Routine',current_timestamp(),current_timestamp()),
('AUTH-700009','M-100012','Inpatient','Approved','2025-03-13','2025-03-14','2025-03-15','2025-03-22','E11.10','99222','0123456789','9012345678','Norton Healthcare',5,4,NULL,'Diabetic ketoacidosis with acute kidney injury. Requires IV insulin drip and nephrology consult.','Dr. Linda Chen','Urgent',current_timestamp(),current_timestamp()),
('AUTH-700010','M-100010','Inpatient','Approved','2025-01-23','2025-01-24','2025-01-25','2025-02-01','J18.9','99222','2345678901','9012345678','Norton Healthcare',5,4,NULL,'Community-acquired pneumonia with hypoxemia in elderly diabetic patient. Requires IV antibiotics and monitoring.','N/A','Urgent',current_timestamp(),current_timestamp());
